,wfb_country_link,wfb_country_name,country,ISO3_CODE
0,https://www.cia.gov/the-world-factbook/countries/afghanistan/,afghanistan,Afghanistan,AFG
1,https://www.cia.gov/the-world-factbook/countries/albania/,albania,Albania,ALB
2,https://www.cia.gov/the-world-factbook/countries/algeria/,algeria,Algeria,DZA
3,https://www.cia.gov/the-world-factbook/countries/american-samoa/,american-samoa,American Samoa,ASM
4,https://www.cia.gov/the-world-factbook/countries/andorra/,andorra,Andorra,AND
5,https://www.cia.gov/the-world-factbook/countries/angola/,angola,Angola,AGO
6,https://www.cia.gov/the-world-factbook/countries/anguilla/,anguilla,Anguilla,AIA
7,https://www.cia.gov/the-world-factbook/countries/antarctica/,antarctica,Antarctica,ATA
8,https://www.cia.gov/the-world-factbook/countries/antigua-and-barbuda/,antigua-and-barbuda,Antigua and Barbuda,ATG
9,https://www.cia.gov/the-world-factbook/countries/argentina/,argentina,Argentina,ARG
10,https://www.cia.gov/the-world-factbook/countries/armenia/,armenia,Armenia,ARM
11,https://www.cia.gov/the-world-factbook/countries/aruba/,aruba,Aruba,ABW
12,https://www.cia.gov/the-world-factbook/countries/australia/,australia,Australia,AUS
13,https://www.cia.gov/the-world-factbook/countries/austria/,austria,Austria,AUT
14,https://www.cia.gov/the-world-factbook/countries/azerbaijan/,azerbaijan,Azerbaijan,AZE
15,https://www.cia.gov/the-world-factbook/countries/bahamas-the/,bahamas-the,Bahamas,BHS
16,https://www.cia.gov/the-world-factbook/countries/bahrain/,bahrain,Bahrain,BHR
17,https://www.cia.gov/the-world-factbook/countries/united-states-pacific-island-wildlife-refuges/,united-states-pacific-island-wildlife-refuges,United States,USA
18,https://www.cia.gov/the-world-factbook/countries/bangladesh/,bangladesh,Bangladesh,BGD
19,https://www.cia.gov/the-world-factbook/countries/barbados/,barbados,Barbados,BRB
20,https://www.cia.gov/the-world-factbook/countries/belarus/,belarus,Belarus,BLR
21,https://www.cia.gov/the-world-factbook/countries/belgium/,belgium,Belgium,BEL
22,https://www.cia.gov/the-world-factbook/countries/belize/,belize,Belize,BLZ
23,https://www.cia.gov/the-world-factbook/countries/benin/,benin,Benin,BEN
24,https://www.cia.gov/the-world-factbook/countries/bermuda/,bermuda,Bermuda,BMU
25,https://www.cia.gov/the-world-factbook/countries/bhutan/,bhutan,Bhutan,BTN
26,https://www.cia.gov/the-world-factbook/countries/bolivia/,bolivia,Bolivia,BOL
27,https://www.cia.gov/the-world-factbook/countries/bosnia-and-herzegovina/,bosnia-and-herzegovina,Bosnia and Herzegovina,BIH
28,https://www.cia.gov/the-world-factbook/countries/botswana/,botswana,Botswana,BWA
29,https://www.cia.gov/the-world-factbook/countries/bouvet-island/,bouvet-island,Bouvet Island,BVT
30,https://www.cia.gov/the-world-factbook/countries/brazil/,brazil,Brazil,BRA
31,https://www.cia.gov/the-world-factbook/countries/british-indian-ocean-territory/,british-indian-ocean-territory,British Indian Ocean Territory,IOT
32,https://www.cia.gov/the-world-factbook/countries/british-virgin-islands/,british-virgin-islands,British Virgin Islands,VGB
33,https://www.cia.gov/the-world-factbook/countries/brunei/,brunei,Brunei Darussalam,BRN
34,https://www.cia.gov/the-world-factbook/countries/bulgaria/,bulgaria,Bulgaria,BGR
35,https://www.cia.gov/the-world-factbook/countries/burkina-faso/,burkina-faso,Burkina Faso,BFA
36,https://www.cia.gov/the-world-factbook/countries/burma/,burma,Myanmar,MMR
37,https://www.cia.gov/the-world-factbook/countries/burundi/,burundi,Burundi,BDI
38,https://www.cia.gov/the-world-factbook/countries/cambodia/,cambodia,Cambodia,KHM
39,https://www.cia.gov/the-world-factbook/countries/cameroon/,cameroon,Cameroon,CMR
40,https://www.cia.gov/the-world-factbook/countries/canada/,canada,Canada,CAN
41,https://www.cia.gov/the-world-factbook/countries/cayman-islands/,cayman-islands,Cayman Islands,CYM
42,https://www.cia.gov/the-world-factbook/countries/central-african-republic/,central-african-republic,Central African Republic,CAF
43,https://www.cia.gov/the-world-factbook/countries/chad/,chad,Chad,TCD
44,https://www.cia.gov/the-world-factbook/countries/chile/,chile,Chile,CHL
45,https://www.cia.gov/the-world-factbook/countries/china/,china,China,CHN
46,https://www.cia.gov/the-world-factbook/countries/christmas-island/,christmas-island,Christmas Island,CXR
47,https://www.cia.gov/the-world-factbook/countries/cocos-keeling-islands/,cocos-keeling-islands,Cocos (Keeling) Islands,CCK
48,https://www.cia.gov/the-world-factbook/countries/colombia/,colombia,Colombia,COL
49,https://www.cia.gov/the-world-factbook/countries/comoros/,comoros,Comoros,COM
50,https://www.cia.gov/the-world-factbook/countries/congo-democratic-republic-of-the/,congo-democratic-republic-of-the,DR Congo,COD
51,https://www.cia.gov/the-world-factbook/countries/cook-islands/,cook-islands,Cook Islands,COK
52,https://www.cia.gov/the-world-factbook/countries/costa-rica/,costa-rica,Costa Rica,CRI
53,https://www.cia.gov/the-world-factbook/countries/cote-divoire/,cote-divoire,Cote d'Ivoire,CIV
54,https://www.cia.gov/the-world-factbook/countries/croatia/,croatia,Croatia,HRV
55,https://www.cia.gov/the-world-factbook/countries/cuba/,cuba,Cuba,CUB
56,https://www.cia.gov/the-world-factbook/countries/curacao/,curacao,Curacao,CUW
57,https://www.cia.gov/the-world-factbook/countries/cyprus/,cyprus,Cyprus,CYP
58,https://www.cia.gov/the-world-factbook/countries/czechia/,czechia,Czechia,CZE
59,https://www.cia.gov/the-world-factbook/countries/denmark/,denmark,Denmark,DNK
60,https://www.cia.gov/the-world-factbook/countries/djibouti/,djibouti,Djibouti,DJI
61,https://www.cia.gov/the-world-factbook/countries/dominica/,dominica,Dominica,DMA
62,https://www.cia.gov/the-world-factbook/countries/dominican-republic/,dominican-republic,Dominican Republic,DOM
63,https://www.cia.gov/the-world-factbook/countries/ecuador/,ecuador,Ecuador,ECU
64,https://www.cia.gov/the-world-factbook/countries/egypt/,egypt,Egypt,EGY
65,https://www.cia.gov/the-world-factbook/countries/el-salvador/,el-salvador,El Salvador,SLV
66,https://www.cia.gov/the-world-factbook/countries/equatorial-guinea/,equatorial-guinea,Equatorial Guinea,GNQ
67,https://www.cia.gov/the-world-factbook/countries/eritrea/,eritrea,Eritrea,ERI
68,https://www.cia.gov/the-world-factbook/countries/estonia/,estonia,Estonia,EST
69,https://www.cia.gov/the-world-factbook/countries/eswatini/,eswatini,Eswatini,SWZ
70,https://www.cia.gov/the-world-factbook/countries/ethiopia/,ethiopia,Ethiopia,ETH
71,https://www.cia.gov/the-world-factbook/countries/falkland-islands-islas-malvinas/,falkland-islands-islas-malvinas,Falkland Islands,FLK
72,https://www.cia.gov/the-world-factbook/countries/faroe-islands/,faroe-islands,Faroe Islands,FRO
73,https://www.cia.gov/the-world-factbook/countries/fiji/,fiji,Fiji,FJI
74,https://www.cia.gov/the-world-factbook/countries/finland/,finland,Finland,FIN
75,https://www.cia.gov/the-world-factbook/countries/france/,france,France,FRA
76,https://www.cia.gov/the-world-factbook/countries/french-polynesia/,french-polynesia,French Polynesia,PYF
77,https://www.cia.gov/the-world-factbook/countries/french-southern-and-antarctic-lands/,french-southern-and-antarctic-lands,French Southern Territories,ATF
78,https://www.cia.gov/the-world-factbook/countries/gabon/,gabon,Gabon,GAB
79,https://www.cia.gov/the-world-factbook/countries/gambia-the/,gambia-the,Gambia,GMB
80,https://www.cia.gov/the-world-factbook/countries/gaza-strip/,gaza-strip,Palestine,PSE
81,https://www.cia.gov/the-world-factbook/countries/georgia/,georgia,Georgia,GEO
82,https://www.cia.gov/the-world-factbook/countries/germany/,germany,Germany,DEU
83,https://www.cia.gov/the-world-factbook/countries/ghana/,ghana,Ghana,GHA
84,https://www.cia.gov/the-world-factbook/countries/gibraltar/,gibraltar,Gibraltar,GIB
85,https://www.cia.gov/the-world-factbook/countries/greece/,greece,Greece,GRC
86,https://www.cia.gov/the-world-factbook/countries/greenland/,greenland,Greenland,GRL
87,https://www.cia.gov/the-world-factbook/countries/grenada/,grenada,Grenada,GRD
88,https://www.cia.gov/the-world-factbook/countries/guam/,guam,Guam,GUM
89,https://www.cia.gov/the-world-factbook/countries/guatemala/,guatemala,Guatemala,GTM
90,https://www.cia.gov/the-world-factbook/countries/guernsey/,guernsey,Guernsey,GGY
91,https://www.cia.gov/the-world-factbook/countries/guinea/,guinea,Guinea,GIN
92,https://www.cia.gov/the-world-factbook/countries/guinea-bissau/,guinea-bissau,Guinea-Bissau,GNB
93,https://www.cia.gov/the-world-factbook/countries/guyana/,guyana,Guyana,GUY
94,https://www.cia.gov/the-world-factbook/countries/haiti/,haiti,Haiti,HTI
95,https://www.cia.gov/the-world-factbook/countries/heard-island-and-mcdonald-islands/,heard-island-and-mcdonald-islands,Heard and McDonald Islands,HMD
96,https://www.cia.gov/the-world-factbook/countries/holy-see-vatican-city/,holy-see-vatican-city,Vatican,VAT
97,https://www.cia.gov/the-world-factbook/countries/honduras/,honduras,Honduras,HND
98,https://www.cia.gov/the-world-factbook/countries/hong-kong/,hong-kong,Hong Kong,HKG
99,https://www.cia.gov/the-world-factbook/countries/hungary/,hungary,Hungary,HUN
100,https://www.cia.gov/the-world-factbook/countries/iceland/,iceland,Iceland,ISL
101,https://www.cia.gov/the-world-factbook/countries/india/,india,India,IND
102,https://www.cia.gov/the-world-factbook/countries/indonesia/,indonesia,Indonesia,IDN
103,https://www.cia.gov/the-world-factbook/countries/iran/,iran,Iran,IRN
104,https://www.cia.gov/the-world-factbook/countries/iraq/,iraq,Iraq,IRQ
105,https://www.cia.gov/the-world-factbook/countries/ireland/,ireland,Ireland,IRL
106,https://www.cia.gov/the-world-factbook/countries/isle-of-man/,isle-of-man,Isle of Man,IMN
107,https://www.cia.gov/the-world-factbook/countries/israel/,israel,Israel,ISR
108,https://www.cia.gov/the-world-factbook/countries/italy/,italy,Italy,ITA
109,https://www.cia.gov/the-world-factbook/countries/jamaica/,jamaica,Jamaica,JAM
110,https://www.cia.gov/the-world-factbook/countries/japan/,japan,Japan,JPN
111,https://www.cia.gov/the-world-factbook/countries/jersey/,jersey,Jersey,JEY
112,https://www.cia.gov/the-world-factbook/countries/jordan/,jordan,Jordan,JOR
113,https://www.cia.gov/the-world-factbook/countries/kazakhstan/,kazakhstan,Kazakhstan,KAZ
114,https://www.cia.gov/the-world-factbook/countries/kenya/,kenya,Kenya,KEN
115,https://www.cia.gov/the-world-factbook/countries/kiribati/,kiribati,Kiribati,KIR
116,https://www.cia.gov/the-world-factbook/countries/korea-north/,korea-north,North Korea,PRK
117,https://www.cia.gov/the-world-factbook/countries/korea-south/,korea-south,South Korea,KOR
118,https://www.cia.gov/the-world-factbook/countries/kosovo/,kosovo,Kosovo,XKX
119,https://www.cia.gov/the-world-factbook/countries/kuwait/,kuwait,Kuwait,KWT
120,https://www.cia.gov/the-world-factbook/countries/kyrgyzstan/,kyrgyzstan,Kyrgyz Republic,KGZ
121,https://www.cia.gov/the-world-factbook/countries/laos/,laos,Laos,LAO
122,https://www.cia.gov/the-world-factbook/countries/latvia/,latvia,Latvia,LVA
123,https://www.cia.gov/the-world-factbook/countries/lebanon/,lebanon,Lebanon,LBN
124,https://www.cia.gov/the-world-factbook/countries/lesotho/,lesotho,Lesotho,LSO
125,https://www.cia.gov/the-world-factbook/countries/liberia/,liberia,Liberia,LBR
126,https://www.cia.gov/the-world-factbook/countries/libya/,libya,Libya,LBY
127,https://www.cia.gov/the-world-factbook/countries/liechtenstein/,liechtenstein,Liechtenstein,LIE
128,https://www.cia.gov/the-world-factbook/countries/lithuania/,lithuania,Lithuania,LTU
129,https://www.cia.gov/the-world-factbook/countries/luxembourg/,luxembourg,Luxembourg,LUX
130,https://www.cia.gov/the-world-factbook/countries/macau/,macau,Macau,MAC
131,https://www.cia.gov/the-world-factbook/countries/madagascar/,madagascar,Madagascar,MDG
132,https://www.cia.gov/the-world-factbook/countries/malawi/,malawi,Malawi,MWI
133,https://www.cia.gov/the-world-factbook/countries/malaysia/,malaysia,Malaysia,MYS
134,https://www.cia.gov/the-world-factbook/countries/maldives/,maldives,Maldives,MDV
135,https://www.cia.gov/the-world-factbook/countries/mali/,mali,Mali,MLI
136,https://www.cia.gov/the-world-factbook/countries/malta/,malta,Malta,MLT
137,https://www.cia.gov/the-world-factbook/countries/marshall-islands/,marshall-islands,Marshall Islands,MHL
138,https://www.cia.gov/the-world-factbook/countries/mauritania/,mauritania,Mauritania,MRT
139,https://www.cia.gov/the-world-factbook/countries/mauritius/,mauritius,Mauritius,MUS
140,https://www.cia.gov/the-world-factbook/countries/mexico/,mexico,Mexico,MEX
141,https://www.cia.gov/the-world-factbook/countries/micronesia-federated-states-of/,micronesia-federated-states-of,"Micronesia, Fed. Sts.",FSM
142,https://www.cia.gov/the-world-factbook/countries/moldova/,moldova,Moldova,MDA
143,https://www.cia.gov/the-world-factbook/countries/monaco/,monaco,Monaco,MCO
144,https://www.cia.gov/the-world-factbook/countries/mongolia/,mongolia,Mongolia,MNG
145,https://www.cia.gov/the-world-factbook/countries/montenegro/,montenegro,Montenegro,MNE
146,https://www.cia.gov/the-world-factbook/countries/montserrat/,montserrat,Montserrat,MSR
147,https://www.cia.gov/the-world-factbook/countries/morocco/,morocco,Morocco,MAR
148,https://www.cia.gov/the-world-factbook/countries/mozambique/,mozambique,Mozambique,MOZ
149,https://www.cia.gov/the-world-factbook/countries/namibia/,namibia,Namibia,NAM
150,https://www.cia.gov/the-world-factbook/countries/nauru/,nauru,Nauru,NRU
151,https://www.cia.gov/the-world-factbook/countries/nepal/,nepal,Nepal,NPL
152,https://www.cia.gov/the-world-factbook/countries/netherlands/,netherlands,Netherlands,NLD
153,https://www.cia.gov/the-world-factbook/countries/new-caledonia/,new-caledonia,New Caledonia,NCL
154,https://www.cia.gov/the-world-factbook/countries/new-zealand/,new-zealand,New Zealand,NZL
155,https://www.cia.gov/the-world-factbook/countries/nicaragua/,nicaragua,Nicaragua,NIC
156,https://www.cia.gov/the-world-factbook/countries/niger/,niger,Niger,NER
157,https://www.cia.gov/the-world-factbook/countries/nigeria/,nigeria,Nigeria,NGA
158,https://www.cia.gov/the-world-factbook/countries/niue/,niue,Niue,NIU
159,https://www.cia.gov/the-world-factbook/countries/norfolk-island/,norfolk-island,Norfolk Island,NFK
160,https://www.cia.gov/the-world-factbook/countries/north-macedonia/,north-macedonia,North Macedonia,MKD
161,https://www.cia.gov/the-world-factbook/countries/northern-mariana-islands/,northern-mariana-islands,Northern Mariana Islands,MNP
162,https://www.cia.gov/the-world-factbook/countries/norway/,norway,Norway,NOR
163,https://www.cia.gov/the-world-factbook/countries/oman/,oman,Oman,OMN
164,https://www.cia.gov/the-world-factbook/countries/pakistan/,pakistan,Pakistan,PAK
165,https://www.cia.gov/the-world-factbook/countries/palau/,palau,Palau,PLW
166,https://www.cia.gov/the-world-factbook/countries/panama/,panama,Panama,PAN
167,https://www.cia.gov/the-world-factbook/countries/papua-new-guinea/,papua-new-guinea,Papua New Guinea,PNG
168,https://www.cia.gov/the-world-factbook/countries/paraguay/,paraguay,Paraguay,PRY
169,https://www.cia.gov/the-world-factbook/countries/peru/,peru,Peru,PER
170,https://www.cia.gov/the-world-factbook/countries/philippines/,philippines,Philippines,PHL
171,https://www.cia.gov/the-world-factbook/countries/pitcairn-islands/,pitcairn-islands,Pitcairn,PCN
172,https://www.cia.gov/the-world-factbook/countries/poland/,poland,Poland,POL
173,https://www.cia.gov/the-world-factbook/countries/portugal/,portugal,Portugal,PRT
174,https://www.cia.gov/the-world-factbook/countries/puerto-rico/,puerto-rico,Puerto Rico,PRI
175,https://www.cia.gov/the-world-factbook/countries/qatar/,qatar,Qatar,QAT
176,https://www.cia.gov/the-world-factbook/countries/romania/,romania,Romania,ROU
177,https://www.cia.gov/the-world-factbook/countries/russia/,russia,Russia,RUS
178,https://www.cia.gov/the-world-factbook/countries/rwanda/,rwanda,Rwanda,RWA
179,https://www.cia.gov/the-world-factbook/countries/saint-barthelemy/,saint-barthelemy,St. Barths,BLM
180,https://www.cia.gov/the-world-factbook/countries/saint-helena-ascension-and-tristan-da-cunha/,saint-helena-ascension-and-tristan-da-cunha,St. Helena,SHN
181,https://www.cia.gov/the-world-factbook/countries/saint-kitts-and-nevis/,saint-kitts-and-nevis,St. Kitts and Nevis,KNA
182,https://www.cia.gov/the-world-factbook/countries/saint-lucia/,saint-lucia,St. Lucia,LCA
183,https://www.cia.gov/the-world-factbook/countries/saint-martin/,saint-martin,Saint-Martin,MAF
184,https://www.cia.gov/the-world-factbook/countries/saint-pierre-and-miquelon/,saint-pierre-and-miquelon,St. Pierre and Miquelon,SPM
185,https://www.cia.gov/the-world-factbook/countries/saint-vincent-and-the-grenadines/,saint-vincent-and-the-grenadines,St. Vincent and the Grenadines,VCT
186,https://www.cia.gov/the-world-factbook/countries/samoa/,samoa,Samoa,WSM
187,https://www.cia.gov/the-world-factbook/countries/san-marino/,san-marino,San Marino,SMR
188,https://www.cia.gov/the-world-factbook/countries/sao-tome-and-principe/,sao-tome-and-principe,Sao Tome and Principe,STP
189,https://www.cia.gov/the-world-factbook/countries/saudi-arabia/,saudi-arabia,Saudi Arabia,SAU
190,https://www.cia.gov/the-world-factbook/countries/senegal/,senegal,Senegal,SEN
191,https://www.cia.gov/the-world-factbook/countries/serbia/,serbia,Serbia,SRB
192,https://www.cia.gov/the-world-factbook/countries/seychelles/,seychelles,Seychelles,SYC
193,https://www.cia.gov/the-world-factbook/countries/sierra-leone/,sierra-leone,Sierra Leone,SLE
194,https://www.cia.gov/the-world-factbook/countries/singapore/,singapore,Singapore,SGP
195,https://www.cia.gov/the-world-factbook/countries/sint-maarten/,sint-maarten,Sint Maarten,SXM
196,https://www.cia.gov/the-world-factbook/countries/slovakia/,slovakia,Slovakia,SVK
197,https://www.cia.gov/the-world-factbook/countries/slovenia/,slovenia,Slovenia,SVN
198,https://www.cia.gov/the-world-factbook/countries/solomon-islands/,solomon-islands,Solomon Islands,SLB
199,https://www.cia.gov/the-world-factbook/countries/somalia/,somalia,Somalia,SOM
200,https://www.cia.gov/the-world-factbook/countries/south-africa/,south-africa,South Africa,ZAF
201,https://www.cia.gov/the-world-factbook/countries/south-georgia-and-south-sandwich-islands/,south-georgia-and-south-sandwich-islands,South Georgia and South Sandwich Is.,SGS
202,https://www.cia.gov/the-world-factbook/countries/south-sudan/,south-sudan,South Sudan,SSD
203,https://www.cia.gov/the-world-factbook/countries/spain/,spain,Spain,ESP
204,https://www.cia.gov/the-world-factbook/countries/sri-lanka/,sri-lanka,Sri Lanka,LKA
205,https://www.cia.gov/the-world-factbook/countries/sudan/,sudan,Sudan,SDN
206,https://www.cia.gov/the-world-factbook/countries/suriname/,suriname,Suriname,SUR
207,https://www.cia.gov/the-world-factbook/countries/svalbard/,svalbard,Svalbard and Jan Mayen Islands,SJM
208,https://www.cia.gov/the-world-factbook/countries/sweden/,sweden,Sweden,SWE
209,https://www.cia.gov/the-world-factbook/countries/switzerland/,switzerland,Switzerland,CHE
210,https://www.cia.gov/the-world-factbook/countries/syria/,syria,Syria,SYR
211,https://www.cia.gov/the-world-factbook/countries/taiwan/,taiwan,Taiwan,TWN
212,https://www.cia.gov/the-world-factbook/countries/tajikistan/,tajikistan,Tajikistan,TJK
213,https://www.cia.gov/the-world-factbook/countries/tanzania/,tanzania,Tanzania,TZA
214,https://www.cia.gov/the-world-factbook/countries/thailand/,thailand,Thailand,THA
215,https://www.cia.gov/the-world-factbook/countries/timor-leste/,timor-leste,Timor-Leste,TLS
216,https://www.cia.gov/the-world-factbook/countries/togo/,togo,Togo,TGO
217,https://www.cia.gov/the-world-factbook/countries/tokelau/,tokelau,Tokelau,TKL
218,https://www.cia.gov/the-world-factbook/countries/tonga/,tonga,Tonga,TON
219,https://www.cia.gov/the-world-factbook/countries/trinidad-and-tobago/,trinidad-and-tobago,Trinidad and Tobago,TTO
220,https://www.cia.gov/the-world-factbook/countries/tunisia/,tunisia,Tunisia,TUN
221,https://www.cia.gov/the-world-factbook/countries/turkey-turkiye/,turkey-turkiye,Türkiye,TUR
222,https://www.cia.gov/the-world-factbook/countries/turkmenistan/,turkmenistan,Turkmenistan,TKM
223,https://www.cia.gov/the-world-factbook/countries/turks-and-caicos-islands/,turks-and-caicos-islands,Turks and Caicos Islands,TCA
224,https://www.cia.gov/the-world-factbook/countries/tuvalu/,tuvalu,Tuvalu,TUV
225,https://www.cia.gov/the-world-factbook/countries/uganda/,uganda,Uganda,UGA
226,https://www.cia.gov/the-world-factbook/countries/ukraine/,ukraine,Ukraine,UKR
227,https://www.cia.gov/the-world-factbook/countries/united-arab-emirates/,united-arab-emirates,United Arab Emirates,ARE
228,https://www.cia.gov/the-world-factbook/countries/united-kingdom/,united-kingdom,United Kingdom,GBR
229,https://www.cia.gov/the-world-factbook/countries/united-states/,united-states,United States,USA
230,https://www.cia.gov/the-world-factbook/countries/uruguay/,uruguay,Uruguay,URY
231,https://www.cia.gov/the-world-factbook/countries/uzbekistan/,uzbekistan,Uzbekistan,UZB
232,https://www.cia.gov/the-world-factbook/countries/vanuatu/,vanuatu,Vanuatu,VUT
233,https://www.cia.gov/the-world-factbook/countries/venezuela/,venezuela,Venezuela,VEN
234,https://www.cia.gov/the-world-factbook/countries/vietnam/,vietnam,Vietnam,VNM
235,https://www.cia.gov/the-world-factbook/countries/wallis-and-futuna/,wallis-and-futuna,Wallis and Futuna Islands,WLF
236,https://www.cia.gov/the-world-factbook/countries/west-bank/,west-bank,Palestine,PSE
237,https://www.cia.gov/the-world-factbook/countries/yemen/,yemen,Yemen,YEM
238,https://www.cia.gov/the-world-factbook/countries/zambia/,zambia,Zambia,ZMB
239,https://www.cia.gov/the-world-factbook/countries/zimbabwe/,zimbabwe,Zimbabwe,ZWE
